sideb,sideb_full,country_primary,sidea,sideb_id,NSAdyad_id,frontline_prev_best,frontline_prev_low,frontline_prev_high,frontline,noncombat_prev_best,noncombat_prev_low,noncombat_prev_high,noncombat,lead_prev_best,lead_prev_low,lead_prev_high,lead,participation,founders,wwing,wwing_frontline,wwing_noncombat,noncombat_clandestine,noncombat_outreach,noncombat_logistics,lead_military,lead_noncombat,coalition,coalition_name,low_information
ABSDF,All-Burma Students Democratic Front,Myanmar (Burma),Government of Myanmar (Burma),185,322,2,1,3,1,4,3,4,1,3,2,3,1,1,0,1,0,1,0,1,1,0,1,0,,0
ABSU,All Bodo Students Union,India,Government of India,362,309,1,1,2,1,4,3,4,1,2,2,2,1,1,0,1,0,1,0,1,1,0,1,0,,0
ADF,Alliance of Democratic Forces,Uganda,Government of Uganda,489,153,2,2,3,1,3,3,3,1,2,1,2,1,1,0,0,0,0,1,1,1,1,1,0,,0
AFDL,Alliance of Democratic Forces for the Liberation of Congo-Kinshasa,DR Congo (Zaire),Government of DR Congo (Zaire),422,39,,,,1,,,,1,0,0,0,0,1,0,0,0,0,0,0,1,0,0,0,,1
AFRC,Armed Forces Revolutionary Council,Sierra Leone,Government of Sierra Leone,533,131,2,2,2,1,2,2,2,1,0,0,0,0,1,0,0,0,0,1,0,1,0,0,0,,0
Ahlul Sunnah wal Jamaa,Followers of the Prophet,Nigeria,Government of Nigeria,559,446,0,0,0,0,0,0,0,0,0,0,0,0,0,0,0,0,0,0,0,0,0,0,0,,
AIAI,Islamic Unity,Ethiopia,Government of Ethiopia,542,283,0,0,0,0,0,0,0,0,0,0,0,0,0,0,0,0,0,0,0,0,0,0,0,,
AIS/FIS,Armed Islamic Movement,Algeria,Government of Algeria,537,1,0,0,0,0,0,0,0,0,0,0,0,0,0,0,0,0,0,0,0,0,0,0,0,,
al-Gama'a al-Islamiyya,Islamic Group,Egypt,Government of Egypt,341,241,0,0,0,0,0,0,0,0,0,0,0,0,0,0,0,0,0,0,0,0,0,0,0,,
al-Mahdi Army,al-Mahdi Army,Iraq,Government of Iraq,5659,442,2,1,2,1,2,2,2,1,0,0,0,0,1,0,1,1,0,0,1,1,0,0,0,,0
al-Murabitun,al-Murabitun,Mali,Government of Mali,4376,12582,0,0,0,0,0,0,0,0,0,0,0,0,0,0,0,0,0,0,0,0,0,0,0,,
al-Qaida,al-Qaida,United States of America,Government of United States of America,769,360,2,2,2,1,3,3,4,1,1,0,1,1,1,0,1,1,0,0,1,1,1,0,0,,0
al-Shabaab,al-Shabaab,Somalia,Government of Somalia,717,770,1,1,1,1,4,3,4,1,1,1,1,1,1,0,1,0,1,1,1,1,1,0,0,,0
ALF,Afar Liberation Front,Ethiopia,Government of Ethiopia,519,51,0,0,0,0,0,0,0,0,0,0,0,0,0,0,0,0,0,0,0,0,0,0,0,,
ALiR,Army for the Liberation of Rwanda,Rwanda,Government of Rwanda,1128,128,2,2,3,1,2,2,3,1,2,2,3,1,1,0,0,0,0,1,0,1,1,0,0,,0
ALP,Arakan Liberation Party,Myanmar (Burma),Government of Myanmar (Burma),1048,795,0,0,3,0,3,3,3,1,1,1,2,1,1,0,0,0,0,0,0,1,0,1,0,,1
Amal Movement,Amal Movement,Lebanon,Government of Lebanon,239,724,1,1,2,1,4,3,4,1,,,,1,1,0,1,0,1,1,1,1,0,1,1,National Union Front (NUF),0
AN,National Alliance,Chad,Government of Chad,716,767,0,0,0,0,0,0,0,0,0,0,0,0,0,0,0,0,0,0,0,0,0,0,0,,
ANC,African National Congress,South Africa,Government of South Africa,513,558,2,2,4,1,4,4,4,1,3,3,4,1,1,0,1,0,1,1,1,1,1,1,0,,0
ANLP,Arakan National Liberation Party,Myanmar (Burma),Government of Myanmar (Burma),1049,801,0,0,0,0,0,0,0,0,0,0,0,0,0,0,0,0,0,0,0,0,0,0,0,,
Ansar al-Islam,Ansar al-Islam,Iraq,Government of Iraq,233,443,2,1,2,1,,,,1,0,0,0,0,1,0,0,0,0,0,1,1,0,0,0,,0
Ansar Bayt al-Maqdis,Ansar Bayt al-Maqdis,Egypt,Government of Egypt,4319,877,0,0,0,0,0,0,0,0,0,0,0,0,0,0,0,0,0,0,0,0,0,0,0,,
Ansar Dine,Ansar Dine,Mali,Government of Mali,1157,835,0,0,0,0,0,0,0,0,0,0,0,0,0,0,0,0,0,0,0,0,0,0,0,,
Ansarallah,Ansarallah,Yemen (North Yemen),Government of Yemen (North Yemen),1091,10855,1,1,2,1,3,2,3,1,2,1,2,1,1,0,1,0,1,1,1,1,1,1,0,,0
anti-Balaka,anti-Balaka,Central African Republic,Government of Central African Republic,4201,12380,2,1,2,1,2,2,3,1,0,0,0,0,1,0,0,0,0,0,0,1,0,0,0,,0
APCLS,Alliance of Patriots for a Free and Sovereign Congo,DR Congo (Zaire),Government of DR Congo (Zaire),1200,858,0,0,0,0,1,1,2,1,0,0,0,0,1,0,0,0,0,0,0,1,0,0,0,,0
APCO,Arab Political and Cultural Organization,Iran,Government of Iran,311,546,0,0,0,0,0,0,0,0,0,0,0,0,0,0,0,0,0,0,0,0,0,0,0,,
APF/PFA,Azerbaijani Popular Front,Russia (Soviet Union),Government of Russia (Soviet Union),331,373,,,,1,,,,1,0,0,0,0,1,1,1,0,1,0,1,0,0,0,0,,0
AQAP,al-Qaida in the Arabian Peninsula,Yemen (North Yemen),Government of Yemen (North Yemen),881,784,2,1,2,1,2,2,3,1,0,0,0,0,1,0,0,0,0,0,1,0,0,0,0,,0
AQIM,al-Qaida in the Islamic Maghreb,Algeria,Government of Algeria,539,4,1,0,1,1,0,0,0,0,0,0,0,0,1,0,0,0,0,0,0,0,0,0,0,,0
ARDUF,Afar Revolutionary Democratic Unity Front,Ethiopia,Government of Ethiopia,520,52,0,0,0,0,0,0,0,0,0,0,0,0,0,0,0,0,0,0,0,0,0,0,0,,
ARS/UIC,Alliance for the Re-liberation of Somalia/Islamic Courts Union,Somalia,Government of Somalia,505,632,0,0,0,0,0,0,0,0,0,0,0,0,0,0,0,0,0,0,0,0,0,0,0,,
ASG,Abu Sayyaf Group,Philippines,Government of Philippines,277,249,1,1,1,1,2,2,2,1,0,0,0,0,1,0,0,0,0,1,1,1,0,0,0,,0
ATNMC,North Mali Tuareg Alliance for Change ,Mali,Government of Mali,523,650,0,0,0,0,0,0,0,0,0,0,0,0,0,0,0,0,0,0,0,0,0,0,0,,
ATTF,All Tripura Tiger Force,India,Government of India,306,262,,,,1,,,,1,0,0,0,0,1,0,0,0,0,1,1,1,0,0,0,,1
Autonomous Province of Western Bosnia,Autonomous Province of Western Bosnia,Bosnia-Herzegovina,Government of Bosnia-Herzegovina,349,294,0,0,0,0,0,0,0,0,0,0,0,0,0,0,0,0,0,0,0,0,0,0,0,,
Baloch Ittehad,Baloch Unity,Pakistan,Government of Pakistan,288,638,0,0,0,0,0,0,0,0,0,0,0,0,0,0,0,0,0,0,0,0,0,0,0,,
Bandera Roja,Red Flag,Venezuela,Government of Venezuela,741,778,,,,1,,,,1,0,0,0,0,1,1,0,0,0,0,0,1,0,0,0,,0
BDK,Kingdom of Kongo,DR Congo (Zaire),Government of DR Congo (Zaire),561,651,0,0,0,0,2,2,3,1,0,0,0,0,1,0,0,0,0,0,0,1,0,0,0,,1
BIFM,Bangsamoro Islamic Freedom Movement,Philippines,Government of Philippines,1146,834,0,0,0,0,0,0,0,0,0,0,0,0,0,0,0,0,0,0,0,0,0,0,0,,
BLA,Balochistan Liberation Army,Pakistan,Government of Pakistan,287,639,0,0,0,0,0,0,0,0,0,0,0,0,0,0,0,0,0,0,0,0,0,0,0,,
BLF,Balochistan Liberation Front,Pakistan,Government of Pakistan,1166,544,0,0,0,0,0,0,0,0,0,0,0,0,0,0,0,0,0,0,0,0,0,0,0,,
BMA,Beik Mon Army,Myanmar (Burma),Government of Myanmar (Burma),191,326,0,0,0,0,0,0,0,0,0,0,0,0,0,0,0,0,0,0,0,0,0,0,0,,
Boko Haram,Group of the People of Sunnah for Dawah and Jihad,Nigeria,Government of Nigeria,1051,793,2,2,2,1,3,2,3,1,0,0,0,0,1,0,1,0,1,1,1,1,0,0,0,,0
BRA,Bougainville Revolutionary Army,Papua New Guinea,Government of Papua New Guinea,328,337,0,0,0,0,3,3,4,1,2,1,2,1,1,0,1,0,1,1,1,1,0,1,0,,0
BRA,Balochistan Republican Army,Pakistan,Government of Pakistan,289,774,,,,1,,,,1,,,,1,1,0,1,1,0,0,1,0,0,1,0,,1
CCO,Clandestine Communist Organization,Malaysia,Government of Malaysia,264,586,3,2,3,1,3,2,3,1,0,0,0,0,1,0,0,0,0,0,0,1,0,0,0,,1
CDR,Revolutionary Democratic Council,Chad,Government of Chad,455,664,0,0,0,0,0,0,0,0,0,0,0,0,0,0,0,0,0,0,0,0,0,0,0,,
Chechen Republic of Ichkeria,Chechen Republic of Ichkeria (Republic of Chechnya),Russia (Soviet Union),Government of Russia (Soviet Union),352,348,2,2,3,1,2,2,3,1,1,1,1,1,1,0,0,0,0,0,1,1,0,1,0,,0
CMA,Coalition for Azawad Movements,Mali,Government of Mali,1158,836,1,1,2,1,3,2,3,1,2,2,3,1,1,0,0,0,0,1,1,1,0,1,0,,0
CNDD-FDD,National Council for the Defense of Democracy- Forces for the Defense of Democracy,Burundi,Government of Burundi,434,14,2,1,2,1,3,2,3,1,2,2,3,1,1,0,1,0,1,1,1,1,1,1,0,,0
CNDP,National Congress for the Defence of the People,DR Congo (Zaire),Government of DR Congo (Zaire),426,646,,,,1,0,0,0,0,0,0,0,0,1,0,0,0,0,0,0,0,0,0,0,,1
CNL,National Liberation Council,DR Congo (Zaire),Government of DR Congo (Zaire),419,679,0,0,0,0,0,0,0,0,0,0,0,0,0,0,0,0,0,0,0,0,0,0,0,,
CNR,National Council for Recovery,Chad,Government of Chad,447,22,0,0,0,0,0,0,0,0,0,0,0,0,0,0,0,0,0,0,0,0,0,0,0,,
Cobras,Cobras,Congo,Government of Congo,545,189,0,0,0,0,0,0,0,0,0,0,0,0,0,0,0,0,0,0,0,0,0,0,0,,
Cocoyes,Cocoyes,Congo,Government of Congo,547,37,0,0,0,0,0,0,0,0,0,0,0,0,0,0,0,0,0,0,0,0,0,0,0,,
Contras/FDN,Contras/Nicaraguan Democratic Forces,Nicaragua,Government of Nicaragua,759,231,3,2,3,1,4,4,4,1,2,2,3,1,1,0,0,0,0,1,1,1,1,1,0,,0
CPA,Communist Party of Arakan,Myanmar (Burma),Government of Myanmar (Burma),1052,802,0,0,0,0,0,0,0,0,0,0,0,0,0,0,0,0,0,0,0,0,0,0,0,,
CPB,Communist Party of Burma,Myanmar (Burma),Government of Myanmar (Burma),182,305,2,2,3,1,3,3,4,1,2,2,3,1,1,0,1,0,1,0,1,1,0,1,0,,0
CPB- RF,Communist Party of Burma- Red Flag,Myanmar (Burma),Government of Myanmar (Burma),183,677,0,0,0,0,0,0,0,0,0,0,0,0,0,0,0,0,0,0,0,0,0,0,0,,
CPI-Maoist,Communist Party of India- Maoist,India,Government of India,195,451,4,4,4,1,4,4,4,1,3,2,4,1,1,0,1,1,1,1,1,1,1,1,0,,0
CPI-ML,Communist Party of India- Marxist-Leninist,India,Government of India,192,690,0,0,0,0,,,,1,,,,1,1,0,1,0,1,0,1,1,0,1,0,,0
CPI-ML-J,Communist Party of India- Marxist-Leninist-Janashakti,India,Government of India,3946,11932,,,,1,0,0,0,0,,,,1,1,0,0,0,0,0,0,0,1,0,0,,0
CPJP,Convention of Patriots for Justice and Peace,Central African Republic,Government of Central African Republic,1053,782,0,0,0,0,0,0,0,0,0,0,0,0,0,0,0,0,0,0,0,0,0,0,0,,
CPN-M,Communist Party of Nepal- Maoist,Nepal,Government of Nepal,258,349,4,3,4,1,4,4,4,1,4,3,4,1,1,0,1,1,1,1,1,1,1,1,0,,0
CPP/NPA,Communist Party of the Philippines/New People's Army,Philippines,Government of Philippines,169,217,3,3,4,1,4,4,4,1,4,3,4,1,1,0,1,1,1,0,1,1,1,1,0,,0
CPT,Communist Party of Thailand,Thailand,Government of Thailand,216,599,4,3,4,1,4,3,4,1,,,,1,1,0,0,0,0,0,1,1,,,0,,0
CRA,Coordination of the Armed Resistance,Niger,Government of Niger,525,111,0,0,0,0,0,0,0,0,0,0,0,0,0,0,0,0,0,0,0,0,0,0,0,,
Croatian Republic of Bosnia-Herzegovina,Croatian Republic of Bosnia-Herzegovina,Bosnia-Herzegovina,Government of Bosnia-Herzegovina,350,293,,,,1,0,0,0,0,0,0,0,0,1,0,0,0,0,0,0,0,0,0,0,,1
CSNPD,Committee of National Revival for Peace and Democracy,Chad,Government of Chad,448,21,0,0,0,0,0,0,0,0,0,0,0,0,0,0,0,0,0,0,0,0,0,0,0,,
Darfur Joint Resistance Forces,Darfur Joint Resistance Forces,Sudan,Government of Sudan,5866,14150,0,0,0,0,0,0,0,0,0,0,0,0,0,0,0,0,0,0,0,0,0,0,0,,
Democratic Republic of Yemen,Democratic Republic of Yemen,Yemen (North Yemen),Government of Yemen (North Yemen),353,375,0,0,0,0,0,0,0,0,0,0,0,0,0,0,0,0,0,0,0,0,0,0,0,,
DHKP-C/Devrimci Sol,Revolutionary Left,Turkey,Government of Turkey,334,330,4,3,4,1,3,3,4,1,,,,1,1,0,1,0,1,0,1,1,1,1,0,,0
DKBA5,Democratic Karen Buddhist Army Brigade 5,Myanmar (Burma),Government of Myanmar (Burma),1107,805,0,0,0,0,0,0,0,0,0,0,0,0,0,0,0,0,0,0,0,0,0,0,0,,
Donetsk People's Republic,Donetsk People's Republic,Ukraine,Government of Ukraine,5840,14124,2,1,2,1,2,2,3,1,1,1,2,1,1,0,1,1,0,0,1,1,1,0,0,,0
EDU,Ethiopian Democratic Union,Ethiopia,Government of Ethiopia,411,754,0,0,0,0,0,0,0,0,0,0,0,0,0,0,0,0,0,0,0,0,0,0,0,,
EGP,Guerilla Army of the Poor,Guatemala,Government of Guatemala,730,625,3,3,4,1,4,3,4,1,2,2,3,1,1,1,0,0,0,1,1,1,1,1,1,Guatemalan National Revolutionary Unity (URNG),0
EIJM - AS,Eritrean Islamic Jihad Movement- Abu Suhail faction,Eritrea,Government of Eritrea,495,435,0,0,0,0,0,0,0,0,0,0,0,0,0,0,0,0,0,0,0,0,0,0,0,,
ELF,Eritrean Liberation Front,Ethiopia,Government of Ethiopia,415,667,1,1,1,1,3,2,3,1,1,1,1,1,1,0,1,0,1,1,1,1,0,1,0,,0
ELN,National Liberation Army,Colombia,Government of Colombia,744,342,4,3,4,1,4,4,4,1,3,2,4,1,1,1,1,0,1,1,1,1,1,1,0,,0
ELN,National Liberation Army,Bolivia,Government of Bolivia,721,464,1,1,2,1,2,2,3,1,2,2,2,1,1,0,0,0,0,1,1,1,1,1,0,,0
ELN,National Liberation Army,Peru,Government of Peru,748,500,0,0,0,0,0,0,0,0,0,0,0,0,0,0,0,0,0,0,0,0,0,0,0,,
EPDM,Ethiopian People's Democratic Movement,Ethiopia,Government of Ethiopia,412,47,0,0,0,0,0,0,0,0,0,0,0,0,0,0,0,0,0,0,0,0,0,0,0,,
EPL,People's Liberation Army,Colombia,Government of Colombia,746,343,4,3,4,1,4,4,4,1,,,,1,1,0,0,0,0,1,1,1,0,1,0,,0
EPLF,Eritrean People's Liberation Front,Ethiopia,Government of Ethiopia,416,53,4,3,4,1,4,4,4,1,3,2,3,1,1,0,1,0,1,1,1,1,1,1,0,,0
EPR,Popular Revolutionary Army,Mexico,Government of Mexico,768,299,,,,1,,,,1,,,,1,1,0,0,0,0,0,1,0,1,0,0,,0
EPRDF,Ethiopian People's Revolutionary Democratic Front,Ethiopia,Government of Ethiopia,414,48,4,4,4,1,4,4,4,1,3,3,4,1,1,0,1,1,1,1,1,1,1,1,0,,0
EPRLF,Eelam People's Revolutionary Liberation Front,Sri Lanka,Government of Sri Lanka,322,687,2,2,3,1,4,3,4,1,0,0,0,0,1,0,1,0,1,0,1,1,0,0,0,,0
EPRP,Ethiopian People's Revolutionary Party,Ethiopia,Government of Ethiopia,409,50,1,1,2,1,4,4,4,1,2,1,2,1,1,0,1,0,1,0,1,1,0,1,0,,0
ERP,People's Revolutionary Army,El Salvador,Government of El Salvador,753,510,4,4,4,1,4,4,4,1,4,4,4,1,1,0,1,0,1,0,1,1,1,1,1,Farabundo Martí National Liberation Front (FMLN),0
ERP,People's Revolutionary Army,Argentina,Government of Argentina,738,594,2,2,2,1,4,4,4,1,3,2,3,1,1,0,1,0,1,0,1,1,0,1,0,,0
ETA,Basque Homeland and Liberty,Spain,Government of Spain,313,366,2,2,2,1,3,3,3,1,2,1,2,1,1,0,0,0,0,0,1,1,1,1,0,,0
ETIM/TIP,East Turkestan Islamic Movement/Turkistan Islamic Party,China,Government of China,1156,830,1,1,2,1,,,,1,0,0,0,0,1,0,0,0,0,0,0,1,0,0,0,,1
EZLN,Zapatista National Liberation Army,Mexico,Government of Mexico,767,230,4,4,4,1,4,4,4,1,4,4,4,1,1,1,1,0,1,1,1,1,1,1,0,,0
FAN,Armed Forces of the North,Chad,Government of Chad,438,660,,,,,,,,,,,,,1,,,,,,,,,,0,,1
FAP,People's Armed Forces,Chad,Government of Chad,439,661,1,1,1,1,0,0,0,0,0,0,0,0,1,0,0,0,0,0,0,0,0,0,0,,1
FAR,Rebel Armed Forces,Guatemala,Government of Guatemala,728,624,2,1,3,1,3,3,4,1,,,,1,1,0,0,0,0,1,1,1,0,1,1,Guatemalan National Revolutionary Unity (URNG),0
FARC,Revolutionary Armed Forces of Colombia,Colombia,Government of Colombia,743,237,4,4,4,1,4,4,4,1,4,3,4,1,1,0,0,0,0,1,1,1,1,1,0,,0
FARF,Armed Forces of the Federal Republic,Chad,Government of Chad,451,26,0,0,0,0,0,0,0,0,0,0,0,0,0,0,0,0,0,0,0,0,0,0,0,,
FAT,Chadian Armed Forces,Chad,Government of Chad,440,662,0,0,0,0,,,,1,,,,1,1,0,1,0,1,0,0,1,0,1,0,,1
Fatah,Fatah,"Palestine, Israel",Government of Israel,207,377,2,2,2,1,4,4,4,1,3,2,3,1,1,0,1,0,1,1,1,1,1,1,1,Palestine Liberation Organisation (PLO),0
FDLR,Democratic Liberation Forces of Rwanda,Rwanda,Government of Rwanda,528,828,1,1,2,1,2,2,2,1,1,1,2,1,1,0,0,0,0,1,1,1,0,1,0,,1
FDR,Democratic Front for Renewal,Niger,Government of Niger,543,113,0,0,0,0,0,0,0,0,0,0,0,0,0,0,0,0,0,0,0,0,0,0,0,,
FDSI-CI,Invisible Commandos / Impartial Defense and Security Forces - Ivory Coast,Ivory Coast,Government of Ivory Coast,1125,820,0,0,0,0,,,,1,0,0,0,0,1,0,0,0,0,0,0,1,0,0,0,,1
FIAA,Islamic Arab Front of Azawad,Mali,Government of Mali,522,97,0,0,0,0,0,0,0,0,0,0,0,0,0,0,0,0,0,0,0,0,0,0,0,,
First Liberation Army,First Liberation Army,Chad,Government of Chad,436,658,0,0,0,0,0,0,0,0,0,0,0,0,0,0,0,0,0,0,0,0,0,0,0,,
FLAA,A?r and Azawad Liberation Front,Niger,Government of Niger,524,761,0,0,0,0,0,0,0,0,0,0,0,0,0,0,0,0,0,0,0,0,0,0,0,,
FLEC-FAC,Front for the Liberation of the Enclave of Cabinda- Armed Forces of Cabinda,Angola,Government of Angola,541,190,0,0,0,0,2,2,2,1,0,0,0,0,1,0,0,0,0,0,1,1,0,0,0,,1
FLEC-R,Front for the Liberation of the Enclave of Cabinda- Renewed,Angola,Government of Angola,540,191,0,0,0,0,0,0,0,0,0,0,0,0,0,0,0,0,0,0,0,0,0,0,0,,
FLNC,Congolese National Liberation Front,DR Congo (Zaire),Government of DR Congo (Zaire),421,681,,,,1,,,,1,0,0,0,0,1,0,1,1,1,1,1,1,0,0,0,,1
FLOSY,Front for the Liberation of Occupied South Yemen,United Kingdom,Government of United Kingdom,265,686,0,0,0,0,3,2,3,1,0,0,0,0,1,0,0,0,0,1,1,1,0,0,0,,0
FLRN,National Front for the Liberation of Haiti,Haiti,Government of Haiti,765,440,0,0,0,0,0,0,0,0,0,0,0,0,0,0,0,0,0,0,0,0,0,0,0,,
FMLN,Farabundo Martí Front for National Liberation,El Salvador,Government of El Salvador,755,225,4,4,4,1,4,4,4,1,4,4,4,1,1,0,1,0,1,1,1,1,1,1,0,,0
FN/FRCI,New Forces,Ivory Coast,Government of Ivory Coast,558,439,2,2,3,1,3,2,3,1,0,0,0,0,1,0,0,0,0,1,0,1,0,0,0,,0
FNLA,Union of Angolan Peoples,Portugal,Government of Portugal,566,568,0,0,0,0,0,0,0,0,0,0,0,0,0,0,0,0,0,0,0,0,0,0,0,,
FNT,Chadian National Front,Chad,Government of Chad,450,24,0,0,0,0,0,0,0,0,0,0,0,0,0,0,0,0,0,0,0,0,0,0,0,,
FPL,Farabundo Marti Popular Liberation Forces,El Salvador,Government of El Salvador,754,508,4,4,4,1,4,4,4,1,,,,1,1,0,1,0,1,1,1,1,1,1,1,Farabundo Martí National Liberation Front  (FMLN),0
FPR,Rwandan Patriotic Front,Rwanda,Government of Rwanda,527,127,2,1,2,1,3,2,3,1,,,,1,1,0,1,0,1,1,1,1,1,0,0,,0
Frelimo,Mozambique Liberation Front,Portugal,Government of Portugal,428,685,2,2,3,1,4,3,4,1,2,2,3,1,1,0,1,1,1,1,1,1,1,1,0,,0
Fretilin,Revolutionary Front for an Independent East Timor,Indonesia,Government of Indonesia,290,344,2,1,2,1,4,4,4,1,2,2,3,1,1,0,1,1,1,1,1,1,1,1,0,,0
Frolina,National Liberation Front,Burundi,Government of Burundi,433,13,0,0,0,0,0,0,0,0,0,0,0,0,0,0,0,0,0,0,0,0,0,0,0,,
Frolinat,National Liberation Front of Chad,Chad,Government of Chad,435,656,1,1,1,1,,,,1,,,,1,1,0,1,,,0,1,1,1,1,0,,1
Fronasa,Front for National Salvation,Uganda,Government of Uganda,478,701,,,,1,0,0,0,0,,,,1,1,0,1,1,0,0,0,0,1,0,0,,1
FRUD,Front for the Restoration of Unity and Democracy,Djibouti,Government of Djibouti,530,43,,,,,,,,,,,,,1,,,,,,,,,,0,,1
FRUD-AD,Front for the Restoration of Unity and Democracy - Ahmed Dini faction,Djibouti,Government of Djibouti,531,44,0,0,0,0,0,0,0,0,0,0,0,0,0,0,0,0,0,0,0,0,0,0,0,,
FSLN,Sandinista National Liberation Front,Nicaragua,Government of Nicaragua,758,567,4,4,4,1,4,4,4,1,4,4,4,1,1,0,1,0,1,1,1,1,1,1,0,,0
FUCD,Rally for Democracy and Liberty,Chad,Government of Chad,453,455,,,,1,,,,1,,,,1,1,0,1,0,1,0,0,1,1,1,0,,1
FUNA,Former Uganda National Army,Uganda,Government of Uganda,480,703,0,0,0,0,0,0,0,0,0,0,0,0,0,0,0,0,0,0,0,0,0,0,0,,
FUNCINPEC,"United National Front for an Independent, Neutral, Peaceful and Cooperative Cambodia",Cambodia (Kampuchea),Government of Cambodia (Kampuchea),273,379,0,0,0,0,0,0,0,0,0,0,0,0,0,0,0,0,0,0,0,0,0,0,0,,
GAM,Free Aceh Movement,Indonesia,Government of Indonesia,327,347,2,2,3,1,3,2,3,1,2,2,3,1,1,0,1,1,0,1,1,1,1,1,0,,0
GIA,Armed Islamic Group,Algeria,Government of Algeria,538,3,0,0,0,0,0,0,0,0,0,0,0,0,0,0,0,0,0,0,0,0,0,0,0,,
GNLA,Garo National Liberation Army,India,Government of India,1163,842,0,0,0,0,,,,1,0,0,0,0,1,0,0,0,0,0,0,1,0,0,0,,1
God's Army,God's Army,Myanmar (Burma),Government of Myanmar (Burma),181,314,0,0,0,0,,,,1,0,0,0,0,1,0,0,0,0,0,0,0,0,0,0,,1
GUNT,Transitional Government of National Unity,Chad,Government of Chad,441,663,0,0,0,0,0,0,0,0,0,0,0,0,0,0,0,0,0,0,0,0,0,0,0,,
Hamas,Islamic Resistance Movement,"Palestine, Israel",Government of Israel,209,381,1,1,2,1,4,4,4,1,2,2,3,1,1,0,1,1,1,0,1,1,0,1,0,,0
Harakat-i Inqilab-i Islami-yi Afghanistan,Islamic Movement of Afghanistan,Afghanistan,Government of Afghanistan,293,731,0,0,0,0,,,,1,,,,1,1,0,0,0,0,1,1,1,0,1,0,,0
Harakat-i Islami-yi Afghanistan,Islamic Movement,Afghanistan,Government of Afghanistan,298,737,0,0,0,0,0,0,0,0,0,0,0,0,0,0,0,0,0,0,0,0,0,0,0,,0
Hezbollah,Hezbollah,"Palestine, Israel",Government of Israel,366,643,1,1,2,1,4,4,4,1,1,1,2,1,1,0,1,0,1,1,1,1,0,1,0,,0
Hizb-i Islami-yi Afghanistan,Islamic Party of Afghanistan,Afghanistan,Government of Afghanistan,299,412,0,0,0,0,,,,1,,,,1,1,0,0,0,0,1,1,1,0,1,0,,0
Hizb-i Islami-yi Afghanistan - Khalis faction,Islamic Party of Afghanistan - Khalis faction,Afghanistan,Government of Afghanistan,294,760,0,0,0,0,,,,1,,,,1,1,0,0,0,0,1,1,1,0,1,0,,0
Hizb-i Wahdat,Unity Party,Afghanistan,Government of Afghanistan,300,413,0,0,0,0,,,,1,,,,1,1,0,1,0,1,0,1,1,0,1,0,,1
Hizbul Islam,Islamic Party,Somalia,Government of Somalia,1004,804,0,0,0,0,0,0,0,0,0,0,0,0,0,0,0,0,0,0,0,0,0,0,0,,
HSM,Holy Spirit Movement,Uganda,Government of Uganda,483,149,1,1,1,1,2,1,2,1,1,1,1,1,1,1,1,1,1,1,0,1,1,1,0,,0
IGLF,Issa and Gurgura Liberation Front,Ethiopia,Government of Ethiopia,1115,811,0,0,0,0,0,0,0,0,0,0,0,0,0,0,0,0,0,0,0,0,0,0,0,,
IMU,Islamic Movement of Uzbekistan,Uzbekistan,Government of Uzbekistan,359,363,2,2,2,1,,,,1,0,0,0,0,1,0,0,0,0,0,1,1,0,0,0,,0
INPFL,Independent National Patriotic Front of Liberia,Liberia,Government of Liberia,508,94,,,,1,0,0,0,0,0,0,0,0,1,0,1,1,0,0,0,0,0,0,0,,1
IS,Islamic State of Iraq and the Levant,Iraq,Government of Iraq,234,448,1,1,1,1,3,3,4,1,1,1,1,1,1,0,1,0,1,1,1,1,0,1,0,,0
Islamic Charter Front,Islamic Charter Front,Sudan,Government of Sudan,465,521,0,0,0,0,0,0,0,0,0,0,0,0,0,0,0,0,0,0,0,0,0,0,0,,
Islamic Legion,Islamic Legion,Chad,Government of Chad,442,20,0,0,0,0,0,0,0,0,0,0,0,0,0,0,0,0,0,0,0,0,0,0,0,,
Ittihad-i Islami Bara-yi Azadi-yi Afghanistan,Islamic Union for the Freedom of Afghanistan,Afghanistan,Government of Afghanistan,297,735,0,0,0,0,,,,1,,,,1,1,0,0,0,0,1,1,1,0,1,0,,0
Jabha-yi Nijat-i Milli-yi Afghanistan,Afghanistan National Liberation Front,Afghanistan,Government of Afghanistan,295,733,0,0,0,0,,,,1,,,,1,1,0,0,0,0,1,1,1,0,1,0,,0
Jam'iyyat-i Islami-yi Afghanistan,Jam'iyyat-i Islami-yi Afghanistan,Afghanistan,Government of Afghanistan,292,411,0,0,0,0,,,,1,,,,1,1,0,0,0,0,1,1,1,0,1,0,,0
Jamaat al-Muslimeen,Muslim Society,Trinidad and Tobago,Government of Trinidad and Tobago,762,219,0,0,0,0,,,,1,0,0,0,0,1,0,0,0,0,0,1,0,0,0,0,,0
Jama?t-ul-Ahrar,Assembly of the Free,Pakistan,Government of Pakistan,5928,14227,0,0,0,0,0,0,0,0,0,0,0,0,0,0,0,0,0,0,0,0,0,0,0,,
JEM,Justice and Equality Movement,Sudan,Government of Sudan,468,434,0,0,0,0,,,,1,,,,1,1,0,0,0,0,0,1,0,0,1,1,Sudan Revolutionary Front (SRF),1
JIG,Jihad Islamic Group,Uzbekistan,Government of Uzbekistan,360,444,,,,1,,,,1,0,0,0,0,1,0,0,0,0,0,0,1,0,0,0,,1
Jondullah,God's Army,Iran,Government of Iran,310,640,0,0,0,0,0,0,0,0,0,0,0,0,0,0,0,0,0,0,0,0,0,0,0,,
JSM,The Salafi Groups Which Practices Hisba,Saudi Arabia,Government of Saudi Arabia,312,548,0,0,0,0,0,0,0,0,0,0,0,0,0,0,0,0,0,0,0,0,0,0,0,,
JSS/SB,People's Solidarity Association/Peace Force,Bangladesh,Government of Bangladesh,285,223,1,1,2,1,4,4,4,1,2,2,2,1,1,0,1,0,1,1,1,1,0,1,0,,0
Junbish-i Milli-yi Islami,National Islamic Movement,Afghanistan,Government of Afghanistan,302,422,0,0,0,0,0,0,0,0,0,0,0,0,0,0,0,0,0,0,0,0,0,0,0,,
JVP,People's Liberation Front,Sri Lanka,Government of Sri Lanka,281,256,2,2,3,1,2,2,3,1,1,1,2,1,1,0,1,1,1,1,1,1,0,1,0,,0
Kamajors,Kamajors,Sierra Leone,Government of Sierra Leone,534,132,2,1,2,1,2,2,3,1,,,,1,1,0,0,0,0,0,0,1,0,1,0,,0
Kashmir insurgents,Kashmir insurgents,India,Government of India,325,355,2,1,2,1,4,4,4,1,2,2,3,1,1,0,1,0,1,1,1,1,0,1,0,,0
Kata Katanga,Kata Katanga,DR Congo (Zaire),Government of DR Congo (Zaire),3967,856,0,0,0,0,0,0,0,0,0,0,0,0,0,0,0,0,0,0,0,0,0,0,0,,
KCP,Kangleipak Communist Party,India,Government of India,317,764,2,2,4,1,3,3,4,1,,,,1,1,0,1,0,1,1,1,1,1,0,0,,0
KDP,Kurdish Democratic Party,Iraq,Government of Iraq,260,279,1,1,2,1,4,3,4,1,3,2,3,1,1,0,1,0,1,0,1,1,0,1,0,,0
KDP-QM,Kurdistan Democratic Party- Provisional Command,Iraq,Government of Iraq,262,653,0,0,0,0,0,0,0,0,0,0,0,0,0,0,0,0,0,0,0,0,0,0,0,,
KDPI,Democratic Party of Iranian Kurdistan,Iran,Government of Iran,164,260,4,4,4,1,4,4,4,1,4,3,4,1,1,0,1,1,1,0,1,1,1,1,0,,0
Kikosi Maalum,Special Force,Uganda,Government of Uganda,476,700,0,0,0,0,0,0,0,0,0,0,0,0,0,0,0,0,0,0,0,0,0,0,0,,
KIO,Kachin Independence Organization,Myanmar (Burma),Government of Myanmar (Burma),201,304,1,1,3,1,4,3,4,1,2,1,2,1,1,0,1,1,1,1,1,1,0,1,0,,0
KNF,Kuki National Front,India,Government of India,316,788,,,,1,0,0,0,0,0,0,0,0,1,0,0,0,0,0,0,0,0,0,0,,1
KNPP,Karenni National Progressive Party,Myanmar (Burma),Government of Myanmar (Burma),225,311,0,0,0,0,,,,1,,,,1,1,0,0,0,0,0,1,1,0,1,0,,0
KNU,Karen National Union,Myanmar (Burma),Government of Myanmar (Burma),180,306,1,1,2,1,4,4,4,1,3,2,3,1,1,0,1,0,1,0,1,1,0,1,0,,0
KNUFNS,Kampuchean National United Front for National Salvation,Cambodia (Kampuchea),Government of Cambodia (Kampuchea),271,553,,,,1,0,0,0,0,0,0,0,0,1,0,0,0,0,0,0,0,0,0,0,,1
KPNLF,Khmer People's National Liberation Front,Cambodia (Kampuchea),Government of Cambodia (Kampuchea),272,378,0,0,0,0,3,3,4,1,2,2,3,1,1,0,1,0,1,1,1,1,0,1,0,,1
KR,Khmer Rouge/Red Khmers,Cambodia (Kampuchea),Government of Cambodia (Kampuchea),270,364,2,2,3,1,4,3,4,1,2,2,3,1,1,0,1,1,1,0,1,1,1,1,0,,0
LAA,Lebanese Arab Army,Lebanon,Government of Lebanon,238,723,0,0,0,0,0,0,0,0,0,0,0,0,0,0,0,0,0,0,0,0,0,0,0,,
Lashkar-e-Islam,Army of Islam,Pakistan,Government of Pakistan,399,844,0,0,0,0,0,0,0,0,0,0,0,0,0,0,0,0,0,0,0,0,0,0,0,,
LNUP,Lahu National Unity Party,Myanmar (Burma),Government of Myanmar (Burma),889,797,0,0,0,0,0,0,0,0,0,0,0,0,0,0,0,0,0,0,0,0,0,0,0,,
Lord's Army,Lord's Army,Uganda,Government of Uganda,487,708,0,0,0,0,0,0,0,0,0,0,0,0,0,0,0,0,0,0,0,0,0,0,0,,
LPR,Lugansk People's Republic,Ukraine,Government of Ukraine,5839,14184,,,,1,,,,1,0,0,0,0,1,0,0,0,0,0,1,1,0,0,0,,1
LRA,Lord's Resistance Army,Uganda,Government of Uganda,488,151,2,2,3,1,3,3,4,1,1,1,2,1,1,0,1,1,0,1,0,1,1,0,0,,0
LRM,Lao Resistance Movement,Laos,Government of Laos,246,382,0,0,0,0,0,0,0,0,0,0,0,0,0,0,0,0,0,0,0,0,0,0,0,,
LTTE,Liberation Tigers of Tamil Eelam,Sri Lanka,Government of Sri Lanka,320,243,4,3,4,1,4,3,4,1,3,2,3,1,1,0,1,1,1,1,1,1,1,1,0,,0
LURD,Liberians United for Reconciliation and Democracy,Liberia,Government of Liberia,509,95,3,2,4,1,4,4,4,1,2,1,3,1,1,1,1,1,0,1,1,1,1,1,0,,0
M-19,19th of April Movement,Colombia,Government of Colombia,745,495,4,4,4,1,4,4,4,1,4,3,4,1,1,0,0,0,0,1,1,1,1,1,0,,0
M23,March 23 Movement,DR Congo (Zaire),Government of DR Congo (Zaire),1160,831,,,,1,,,,1,0,0,0,0,1,0,1,0,1,0,0,1,0,0,0,,1
Mahaz-i Milli-yi Islami-yi Afghanistan,National Islamic Front of Afghanistan,Afghanistan,Government of Afghanistan,296,732,0,0,0,0,,,,1,,,,1,1,0,0,0,0,1,1,1,0,1,0,,0
Maidan,Maidan,Ukraine,Government of Ukraine,5817,14085,2,1,2,1,4,3,4,1,1,1,2,1,1,0,1,0,1,0,1,1,1,1,0,,0
MCC,Maoist Communist Centre,India,Government of India,194,406,,,,1,,,,1,,,,1,1,0,1,0,1,0,1,0,1,1,0,,1
MCP,Communist Party of Malaya,Malaysia,Government of Malaysia,196,585,2,2,3,1,4,4,4,1,2,2,3,1,1,0,1,1,0,1,1,1,1,1,0,,0
MDD,Movement for Democracy and Development,Chad,Government of Chad,446,25,0,0,0,0,0,0,0,0,0,0,0,0,0,0,0,0,0,0,0,0,0,0,0,,
MDJT,Movement for Democracy and Justice in Chad,Chad,Government of Chad,452,27,0,0,0,0,0,0,0,0,0,0,0,0,0,0,0,0,0,0,0,0,0,0,0,,
MEK,People's Mujahedin Organization of Iran,Iran,Government of Iran,308,246,4,4,4,1,4,4,4,1,4,4,4,1,1,0,1,0,1,0,1,1,1,1,0,,0
MFDC,Movement of the Democratic Forces of the Casamance,Senegal,Government of Senegal,529,129,2,2,3,1,3,2,3,1,0,0,0,0,1,0,0,0,0,0,1,1,0,0,0,,1
MILF,Moro Islamic Liberation Front,Philippines,Government of Philippines,276,242,1,1,2,1,4,3,4,1,3,2,3,1,1,0,1,0,1,0,1,1,1,1,0,,0
MIM,Mindanao Independence Movement,Philippines,Government of Philippines,274,507,0,0,0,0,0,0,0,0,0,0,0,0,0,0,0,0,0,0,0,0,0,0,0,,
MIR,Movement of the Revolutionary Left,Peru,Government of Peru,749,499,,,,1,,,,1,0,0,0,0,1,0,0,0,0,0,0,1,0,0,0,,1
MJP,Movement for Justice and Peace,Ivory Coast,Government of Ivory Coast,555,245,0,0,0,0,0,0,0,0,0,0,0,0,0,0,0,0,0,0,0,0,0,0,1,Forces Nouvelles (FN),
MKP,Maoist Communist Party,Turkey,Government of Turkey,335,457,4,3,4,1,4,3,4,1,,,,1,1,0,1,0,1,0,1,1,0,1,0,,0
MLC,Movement for the Liberation of Congo,DR Congo (Zaire),Government of DR Congo (Zaire),423,41,0,0,0,0,0,0,0,0,0,0,0,0,0,0,0,0,0,0,0,0,0,0,0,,
MLN/Tupamaros,Movement of National Liberation/Tupamaros,Uruguay,Government of Uruguay,756,491,4,4,4,1,4,4,4,1,2,1,2,1,1,0,0,0,0,1,0,1,1,1,0,,0
MNDAA,Myanmar National Democratic Alliance Army,Myanmar (Burma),Government of Myanmar (Burma),880,798,0,0,0,0,0,0,0,0,0,0,0,0,0,0,0,0,0,0,0,0,0,0,0,,
MNF,Mizo National Front,India,Government of India,267,505,1,0,1,1,2,2,2,1,0,0,0,0,1,0,1,0,1,0,0,1,0,0,0,,1
MNJ,Niger Movement for Justice,Niger,Government of Niger,562,749,0,0,0,0,0,0,0,0,0,0,0,0,0,0,0,0,0,0,0,0,0,0,0,,
MNLF,Moro National Liberation Front,Philippines,Government of Philippines,275,247,2,2,2,1,3,3,4,1,2,2,2,1,1,0,1,0,1,1,1,1,1,1,0,,0
MNLF-HM,Moro National Liberation Front - Habier Malik faction,Philippines,Government of Philippines,279,647,0,0,0,0,0,0,0,0,0,0,0,0,0,0,0,0,0,0,0,0,0,0,0,,
MNLF-NM,Moro National Liberation Front - Nur Misuari faction,Philippines,Government of Philippines,278,252,0,0,0,0,0,0,0,0,0,0,0,0,0,0,0,0,0,0,0,0,0,0,0,,
MODEL,Movement for Democracy in Liberia,Liberia,Government of Liberia,510,352,2,2,3,1,4,4,4,1,0,0,0,0,1,0,0,0,0,0,0,0,0,0,0,,1
Montoneros,Montoneros,Argentina,Government of Argentina,739,593,2,2,3,1,4,4,4,1,2,2,2,1,1,1,1,0,1,0,1,1,0,1,0,,0
MOSANAT,Movement for the National Salvation of Chad,Chad,Government of Chad,444,19,0,0,0,0,0,0,0,0,0,0,0,0,0,0,0,0,0,0,0,0,0,0,0,,
MPA,Popular Movement for the Liberation of Azawad,Mali,Government of Mali,521,96,0,0,0,0,0,0,0,0,0,0,0,0,0,0,0,0,0,0,0,0,0,0,0,,
MPA/Republic of Anjouan,Anjouan People's Movement/Republic of Anjouan,Comoros,Government of Comoros,544,35,0,0,0,0,0,0,0,0,0,0,0,0,0,0,0,0,0,0,0,0,0,0,0,,
MPCI,Patriotic Movement of Ivory Coast,Ivory Coast,Government of Ivory Coast,556,89,0,0,0,0,0,0,0,0,0,0,0,0,0,0,0,0,0,0,0,0,0,0,1,Forces Nouvelles (FN),
MPIGO,Ivorian Movement for the Greater West,Ivory Coast,Government of Ivory Coast,557,91,0,0,0,0,0,0,0,0,0,0,0,0,0,0,0,0,0,0,0,0,0,0,1,Forces Nouvelles (FN),
MPLA,Popular Movement for the Liberation of Angola,Portugal,Government of Portugal,405,738,3,2,4,1,4,4,4,1,2,2,3,1,1,0,1,0,1,1,1,1,0,1,0,,0
MPS,Patriotic Salvation Movement,Chad,Government of Chad,445,23,0,0,0,0,0,0,0,0,0,0,0,0,0,0,0,0,0,0,0,0,0,0,0,,
MQM,Mohajir National Movement,Pakistan,Government of Pakistan,354,340,0,0,0,0,4,3,4,1,2,2,3,1,1,0,1,0,1,0,1,1,0,1,0,,0
MRTA,Tupac Amaru Revolutionary Movement,Peru,Government of Peru,751,319,4,4,4,1,4,4,4,1,2,2,3,1,1,0,0,0,0,1,1,1,1,0,0,,0
MTA,Mong Tai Army,Myanmar (Burma),Government of Myanmar (Burma),255,308,0,0,0,0,3,2,3,1,0,0,0,0,1,0,1,0,1,0,1,1,0,0,0,,1
MTD,Togolese Movement for Democracy,Togo,Government of Togo,516,471,0,0,0,0,0,0,0,0,0,0,0,0,0,0,0,0,0,0,0,0,0,0,0,,
MUJAO,Movement for Oneness and Jihad in West Africa,Mali,Government of Mali,1161,,,,,1,,,,1,0,0,0,0,1,0,0,0,0,0,0,1,0,0,0,,1
Mukti Bahini,Mukti Bahini,Pakistan,Government of Pakistan,280,542,2,1,2,1,2,2,3,1,0,0,0,0,1,0,1,1,1,1,0,1,0,0,0,,0
Muslim Brotherhood,Muslim Brotherhood,Syria,Government of Syria,269,519,1,0,1,1,3,3,3,1,2,2,3,1,1,0,1,0,1,0,1,1,0,1,0,,0
NDF,National Democratic Front,Yemen (North Yemen),Government of Yemen (North Yemen),199,617,0,0,0,0,0,0,0,0,0,0,0,0,0,0,0,0,0,0,0,0,0,0,0,,
NDFB,National Democratic Front for Bodoland,India,Government of India,363,313,,,,1,,,,1,,,,1,1,0,0,0,0,1,1,1,1,0,0,,1
NDFB - RD,National Democratic Front for Bodoland -  Ranjan Daimary faction,India,Government of India,1066,785,3,2,3,1,0,0,0,0,0,0,0,0,1,0,0,0,0,0,0,0,0,0,0,,0
NDFB- S,National Democratic Front for Bodoland - Songbijit faction,India,Government of India,5826,14102,2,1,2,1,1,1,2,1,,,,1,1,0,0,0,0,1,0,1,,,0,,0
NDPVF,Niger Delta People's Volunteer Force,Nigeria,Government of Nigeria,560,473,,,,1,,,,1,,,,1,1,0,0,0,0,0,0,1,1,0,0,,1
Ninjas,Ninjas,Congo,Government of Congo,546,36,0,0,0,0,0,0,0,0,0,0,0,0,0,0,0,0,0,0,0,0,0,0,0,,
NLF,National Liberation Front of South Vietnam,Vietnam (South Vietnam),Government of South Vietnam,221,614,4,3,4,1,4,4,4,1,4,3,4,1,1,1,1,1,1,1,1,1,1,1,0,,0
NLFT,National Liberation Front of Tripura,India,Government of India,307,269,2,1,2,1,2,1,2,1,,,,1,1,0,1,1,0,0,1,1,1,0,0,,1
NLFT-B,National Liberation Front of Tripura - Biswamohan faction,India,Government of India,2939,11299,0,0,0,0,0,0,0,0,0,0,0,0,0,0,0,0,0,0,0,0,0,0,0,,
NMSP,New Mon State Party,Myanmar (Burma),Government of Myanmar (Burma),190,310,3,3,4,1,4,3,4,1,1,1,2,1,1,0,1,1,1,1,1,1,0,1,0,,0
NNC,Naga Nationalist Council,India,Government of India,222,711,2,2,3,1,3,3,3,1,2,1,2,1,1,0,1,1,1,1,1,1,1,1,0,,1
NPFL,National Patriotic Front of Liberia,Liberia,Government of Liberia,507,93,3,3,4,1,4,3,4,1,3,3,3,1,1,0,1,1,0,1,1,1,1,1,0,,0
NRA,National Resistance Movement/Army,Uganda,Government of Uganda,481,574,2,2,3,1,4,3,4,1,3,2,3,1,1,0,1,1,0,1,1,1,1,0,0,,0
NRF,National Redemption Front,Sudan,Government of Sudan,470,630,0,0,0,0,0,0,0,0,0,0,0,0,0,0,0,0,0,0,0,0,0,0,0,,
NSCN-IM,National Socialist Council of Nagaland- Isaac Muivah faction,India,Government of India,223,286,3,3,4,1,4,4,4,1,3,2,3,1,1,0,1,1,1,1,0,1,1,1,0,,0
NSCN-K,National Socialist Council of Nagaland- Khaplang faction,Myanmar (Burma),Government of Myanmar (Burma),224,853,,,,1,,,,1,0,0,0,0,1,0,0,0,0,0,0,1,0,0,0,,0
NSF/LNM,Lebanese National Movement,Lebanon,Government of Lebanon,237,722,2,2,3,1,4,4,4,1,2,2,2,1,1,0,1,1,1,1,1,1,1,1,1,National Union Front (NUF),0
Ntsiloulous,Ntsiloulous,Congo,Government of Congo,548,38,0,0,0,0,0,0,0,0,0,0,0,0,0,0,0,0,0,0,0,0,0,0,0,,
NUF,National Union Front,Lebanon,Government of Lebanon,240,725,2,2,3,1,4,4,4,1,2,2,2,1,1,0,1,1,1,1,1,1,1,1,0,,0
OLF,Ogaden Liberation Front,Ethiopia,Government of Ethiopia,1056,792,2,2,3,1,4,3,4,1,2,1,2,1,1,0,1,0,1,1,1,1,1,1,0,,0
ONLF,Ogaden National Liberation Front,Ethiopia,Government of Ethiopia,497,54,2,2,3,1,3,2,3,1,1,1,2,1,1,0,1,0,1,0,1,1,0,1,0,,0
OP Lavalas (Chim?res),OP Lavalas (Chim?res),Haiti,Government of Haiti,766,441,0,0,0,0,0,0,0,0,0,0,0,0,0,0,0,0,0,0,0,0,0,0,0,,
OPM,Organization for a Free Papua,Indonesia,Government of Indonesia,266,498,4,3,4,1,3,3,4,1,2,1,3,1,1,0,1,0,1,1,0,1,0,1,0,,0
ORPA,Revolutionary Organization of Armed People,Guatemala,Government of Guatemala,731,627,2,2,3,1,3,3,4,1,2,2,3,1,1,0,0,0,0,0,1,1,1,0,1,Guatemalan National Revolutionary Unity (URNG),1
PAIGC,African Party for the Independence of Guinea and Cape Verde,Portugal,Government of Portugal,417,675,2,2,3,1,4,3,4,1,,,,1,1,0,1,0,1,1,1,1,1,1,0,,0
Palipehutu-FNL,Party for the Liberation of the Hutu People- Forces for National Liberation,Burundi,Government of Burundi,432,15,2,2,3,1,3,3,3,1,0,0,0,0,1,0,1,0,1,1,1,1,0,0,0,,0
PARC-FAAL,Party for Action and the Reconstruction of the Congo- Allelujah Armed Forces,DR Congo (Zaire),Government of DR Congo (Zaire),3043,11377,0,0,0,0,0,0,0,0,0,0,0,0,0,0,0,0,0,0,0,0,0,0,0,,
Patani insurgents,Patani insurgents,Thailand,Government of Thailand,365,472,2,1,2,1,3,3,4,1,1,1,1,1,1,0,1,1,1,1,1,1,0,1,0,,1
Pathet Lao/LPLA,Pathet Lao/Lao People's Liberation Army,Laos,Government of Laos,244,734,2,2,3,1,4,3,4,1,3,3,3,1,1,0,1,1,1,1,1,1,1,1,0,,1
PBCP,Purbo Banglar Communist Party,Bangladesh,Government of Bangladesh,805,838,1,0,1,1,0,0,0,0,0,0,0,0,1,0,0,0,0,0,0,0,0,0,0,,1
PBCP- J,Purbo Banglar Communist Party- Janajudhha faction,Bangladesh,Government of Bangladesh,1165,839,,,,1,,,,1,,,,1,1,0,1,0,1,0,0,1,,,0,,1
PDPA,People's Democratic Republic of Afghanistan,Afghanistan,Government of Afghanistan,291,727,0,0,0,0,3,3,4,1,1,1,2,1,1,0,1,0,1,0,1,0,0,1,0,,0
PF,Patriotic Front,Zimbabwe (Rhodesia),Government of Zimbabwe (Rhodesia),494,712,3,3,4,1,4,4,4,1,3,2,3,1,1,0,1,1,1,1,1,1,1,1,0,,0
PFLO,Popular Front for the Liberation of the Occupied Arab Gulf,Oman,Government of Oman,284,561,3,2,4,1,4,3,4,1,,,,1,1,0,1,1,1,1,1,1,0,1,0,,0
PFLP,Popular Front for the Liberation of Palestine,"Palestine, Israel",Government of Israel,205,419,3,2,3,1,4,4,4,1,3,2,3,1,1,0,1,0,1,1,1,1,0,1,1,"Palestine Liberation Organization (PLO), Rejectionist Front",0
PFLP-GC,Popular Front for the Liberation of Palestine- General Command,"Palestine, Israel",Government of Israel,206,428,0,0,0,0,0,0,0,0,0,0,0,0,0,0,0,0,0,0,0,0,0,0,1,"Palestine Liberation Organization (PLO), Rejectionist Front",
PFNR,Popular Front for National Renaissance,Chad,Government of Chad,1112,807,0,0,0,0,0,0,0,0,0,0,0,0,0,0,0,0,0,0,0,0,0,0,0,,
PFT,Popular Front of Tajikistan,Tajikistan,Government of Tajikistan,1186,848,0,0,0,0,0,0,0,0,0,0,0,0,0,0,0,0,0,0,0,0,0,0,0,,
PIJ,Palestinian Islamic Jihad,"Palestine, Israel",Government of Israel,208,380,2,1,2,1,3,3,3,1,0,0,0,0,1,0,1,0,1,0,1,1,0,0,0,,0
PIRA,Provisional Irish Republican Army,United Kingdom,Government of United Kingdom,282,216,2,2,2,1,4,3,4,1,3,3,3,1,1,0,1,0,1,1,1,1,1,1,0,,0
PJAK,Free Life Party of Kurdistan,Iran,Government of Iran,309,459,4,4,4,1,4,4,4,1,4,4,4,1,1,0,1,,,0,1,1,1,1,0,,0
PKK,Kurdistan Worker's Party,Turkey,Government of Turkey,323,333,4,4,4,1,4,4,4,1,4,4,4,1,1,0,1,1,1,1,1,1,1,1,0,,0
PLA,People's Liberation Army,India,Government of India,314,325,3,2,3,1,3,2,3,1,2,1,3,1,1,0,1,0,1,1,1,1,1,1,0,,0
PLO,Palestine Liberation Organization,"Palestine, Israel",Government of Israel,204,781,2,2,3,1,4,4,4,1,3,2,3,1,1,0,1,0,1,1,1,1,0,1,0,,0
PMR,Pridnestrovian Moldavian Republic/Transnistria,Moldova,Government of Moldova,344,367,0,0,0,0,,,,1,,,,1,1,0,0,0,0,0,1,0,0,1,0,,1
POLISARIO,Popular Front for the Liberation of Saguia el Hamra and Rio de Oro,"Western Sahara, Morocco",Government of Morocco,563,98,2,2,3,1,4,4,4,1,4,4,4,1,1,0,1,0,1,1,1,1,0,1,0,,0
PRC,Popular Resistance Committees,"Palestine, Israel",Government of Israel,212,629,,,,1,,,,1,,,,1,1,0,1,1,0,0,0,1,1,0,0,,1
PREPAK,People's Revolutionary Party of Kangleipak,India,Government of India,318,766,,,,1,,,,1,0,0,0,0,1,0,0,0,0,0,1,1,0,0,0,,0
PSLF/TNLF/A,Palaung State Liberation Front/Ta'ang National Liberation Force/Army,Myanmar (Burma),Government of Myanmar (Burma),5965,14273,1,1,2,1,,,,1,,,,1,1,0,1,0,1,0,1,1,0,1,0,,0
PUK,Patriotic Union of Kurdistan,Iraq,Government of Iraq,261,285,2,2,2,1,3,3,4,1,3,2,3,1,1,0,1,1,1,0,1,1,0,1,0,,0
PULF,People's United Liberation Front,India,Government of India,369,772,0,0,0,0,,,,1,,,,1,1,0,0,0,0,0,0,1,,,0,,1
PWG,People's War Group,India,Government of India,193,405,4,4,1,1,4,3,4,1,3,3,3,1,1,0,1,1,1,0,1,1,1,1,0,,0
PYD,Democratic Union Party,Syria,Government of Syria,4163,13821,4,4,4,1,4,4,4,1,4,4,4,1,1,0,1,1,1,0,1,1,1,1,0,,0
RAFD,Rally of Democratic Forces,Chad,Government of Chad,454,633,0,0,0,0,0,0,0,0,0,0,0,0,0,0,0,0,0,0,0,0,0,0,0,,
RCD,Congolese Rally for Democracy,DR Congo (Zaire),Government of DR Congo (Zaire),424,40,,,,1,,,,1,,,,1,1,0,0,0,0,0,0,1,0,1,0,,0
RCSS/SSA-South,Restoration Council of Shan State,Myanmar (Burma),Government of Myanmar (Burma),256,307,1,0,1,1,,,,1,0,0,0,0,1,0,0,0,0,0,1,1,0,0,0,,1
Rejectionist Front,Rejectionist Front,"Palestine, Israel",Government of Israel,1067,780,2,2,3,1,4,4,4,1,2,2,3,1,1,0,1,0,1,1,1,1,0,1,0,,0
Renamo,Mozambican National Resistance,Mozambique,Government of Mozambique,498,99,2,1,2,1,3,3,3,1,2,2,2,1,1,0,1,0,1,1,1,1,1,1,0,,0
Republic of Abkhazia,Republic of Abkhazia,Georgia,Government of Georgia,342,259,2,1,2,1,3,2,4,1,2,2,3,1,1,0,1,0,1,1,1,1,0,1,0,,0
Republic of Biafra,Republic of Biafra,Nigeria,Government of Nigeria,462,528,2,1,2,1,3,2,4,1,0,0,0,0,1,0,1,0,1,1,1,1,0,0,0,,0
Republic of Croatia,Republic of Croatia,Croatia,Government of Serbia (Yugoslavia),337,272,2,1,2,1,2,2,3,1,0,0,0,0,1,0,0,0,0,0,1,1,0,0,0,,0
Republic of Nagorno-Karabakh,Republic of Artsakh/Republic of Nagorno-Karabakh,Azerbaijan,Government of Azerbaijan,338,361,2,2,2,1,3,3,4,1,2,2,2,1,1,0,1,1,1,0,1,1,1,1,0,,0
Republic of Slovenia,Republic of Slovenia,Slovenia,Government of Serbia (Yugoslavia),336,281,,,,1,0,0,0,0,,,,1,1,0,0,0,0,0,0,0,1,0,0,,1
Republic of South Ossetia,Republic of South Ossetia,Georgia,Government of Georgia,343,297,0,0,0,0,,,,1,,,,1,1,0,1,0,1,1,0,1,0,1,0,,0
Republic of South Sudan,Republic of South Sudan,Sudan,Government of Sudan,1129,815,0,0,0,0,3,3,4,1,3,2,4,1,1,0,1,0,1,0,1,1,0,1,0,,0
Résistance Armée Tunisienne,Tunisian Resistance Army,Tunisia,Government of Tunisia,511,551,0,0,0,0,0,0,0,0,0,0,0,0,0,0,0,0,0,0,0,0,0,0,0,,
Revolutionary Forces of 1 April,Revolutionary Forces of 1 April,Chad,Government of Chad,443,18,0,0,0,0,0,0,0,0,0,0,0,0,0,0,0,0,0,0,0,0,0,0,0,,
RFDG,Rally of Democratic Forces of Guinea,Guinea,Government of Guinea,463,57,0,0,0,0,0,0,0,0,0,0,0,0,0,0,0,0,0,0,0,0,0,0,0,,
RIRA,Real Irish Republican Army,United Kingdom,Government of United Kingdom,283,248,,,,1,,,,1,,,,1,1,0,0,0,0,0,1,1,1,1,0,,0
RJF,Islamic Army of Iraq,Iraq,Government of Iraq,235,578,0,0,0,0,0,0,0,0,0,0,0,0,0,0,0,0,0,0,0,0,0,0,0,,0
Royalists,Royalists,Yemen (North Yemen),Government of Yemen (North Yemen),198,616,0,0,0,0,0,0,0,0,0,0,0,0,0,0,0,0,0,0,0,0,0,0,0,,
RPF,Rohingya Patriotic Front,Myanmar (Burma),Government of Myanmar (Burma),1068,794,0,0,0,0,0,0,0,0,0,0,0,0,0,0,0,0,0,0,0,0,0,0,0,,
RSO,Rohingya Solidarity Organisation,Myanmar (Burma),Government of Myanmar (Burma),187,312,0,0,0,0,0,0,0,0,0,0,0,0,0,0,0,0,0,0,0,0,0,0,0,,
RUF,Revolutionary United Front,Sierra Leone,Government of Sierra Leone,532,130,3,2,4,1,4,4,4,1,3,2,3,1,1,0,1,1,1,1,1,1,1,1,0,,0
SALF,Somali Abo Liberation Front,Ethiopia,Government of Ethiopia,1054,796,0,0,0,0,0,0,0,0,0,0,0,0,0,0,0,0,0,0,0,0,0,0,0,,
SARC,Sudanese Awakening Revolutionary Council,Sudan,Government of Sudan,5849,14134,0,0,0,0,0,0,0,0,0,0,0,0,0,0,0,0,0,0,0,0,0,0,0,,
SCIRI,Supreme Council for Islamic Revolution in Iraq,Iraq,Government of Iraq,231,298,0,0,0,0,0,0,0,0,0,0,0,0,0,0,0,0,0,0,0,0,0,0,0,,
Seleka,Seleka,Central African Republic,Government of Central African Republic,1159,832,2,1,2,1,2,2,3,1,0,0,0,0,1,0,0,0,0,0,0,1,0,0,0,,0
Serbian Republic of Bosnia-Herzegovina,Serbian Republic of Bosnia-Herzegovina,Bosnia-Herzegovina,Government of Bosnia-Herzegovina,339,292,1,1,1,1,,,,1,,,,1,1,0,0,0,0,0,0,1,1,1,0,,0
Serbian Republic of Krajina,Serbian Republic of Krajina,Croatia,Government of Croatia,340,303,,,,1,,,,1,0,0,0,0,1,0,0,0,0,0,0,1,0,0,0,,1
Shining Path,Shining Path,Peru,Government of Peru,750,235,4,4,4,1,4,4,4,1,4,4,4,1,1,1,1,0,1,1,1,1,1,1,0,,0
Signed-in-Blood Battalion,Signed-in-Blood Battalion,Mali,Government of Mali,3481,865,0,0,0,0,0,0,0,0,0,0,0,0,0,0,0,0,0,0,0,0,0,0,0,,
Sikh insurgents,Sikh insurgents,India,Government of India,319,387,2,1,2,1,3,3,4,1,1,1,1,1,1,0,1,1,1,1,1,1,1,1,0,,0
SLA,Suriname National Liberation Army,Suriname,Government of Suriname,760,559,0,0,0,0,0,0,0,0,0,0,0,0,0,0,0,0,0,0,0,0,0,0,0,,
SLM,Sidama Liberation Movement,Ethiopia,Government of Ethiopia,1055,791,0,0,0,0,0,0,0,0,0,0,0,0,0,0,0,0,0,0,0,0,0,0,0,,
SLM/A,Sudan Liberation Movement/Army,Sudan,Government of Sudan,469,433,,,,1,,,,1,,,,1,1,0,1,0,1,0,1,1,1,1,0,,0
SLM/A-MM,Sudan Liberation Movement/Army- Minni Minawi faction,Sudan,Government of Sudan,471,631,0,0,0,0,0,0,0,0,0,0,0,0,0,0,0,0,0,0,0,0,0,0,1,Sudan Revolutionary Front (SRF),
SLM/A-Unity,Sudan Liberation Movement/Army- Unity faction,Sudan,Government of Sudan,472,648,0,0,0,0,0,0,0,0,0,0,0,0,0,0,0,0,0,0,0,0,0,0,0,,
SNM,Somali National Movement,Somalia,Government of Somalia,500,207,1,1,2,1,3,2,3,1,0,0,0,0,1,0,0,0,0,1,1,1,0,0,0,,1
SPLM/A,Sudanese People's Liberation Movement/Army,Sudan,Government of Sudan,466,641,2,1,2,1,4,3,4,1,2,1,2,1,1,0,1,1,1,1,1,1,0,1,1,,0
SPLM/A- In Opposition,Sudanese People's Liberation Movement/Army - In Opposition,South Sudan,Government of South Sudan,4226,859,1,1,2,1,4,3,4,1,3,3,4,1,1,0,1,0,1,0,1,1,0,1,0,,0
SPLM/A- North,Sudan People's Liberation Movement-North,Sudan,Government of Sudan,1123,812,0,0,0,0,3,3,4,1,0,0,0,0,1,0,1,0,1,0,1,1,0,0,1,Sudan Revolutionary Front (SRF),1
SPM,Somali Patriotic Movement,Somalia,Government of Somalia,501,208,0,0,0,0,0,0,0,0,0,0,0,0,0,0,0,0,0,0,0,0,0,0,0,,
SRF,Sudan Revolutionary Front,Sudan,Government of Sudan,1162,833,0,0,0,0,3,3,4,1,2,2,4,1,1,0,1,0,1,0,1,1,0,1,0,,0
SRRC,Somali Reconciliation and Restoration Council,Somalia,Government of Somalia,504,212,0,0,0,0,0,0,0,0,0,0,0,0,0,0,0,0,0,0,0,0,0,0,0,,
SSA,Shan State Army,Myanmar (Burma),Government of Myanmar (Burma),250,746,0,0,0,0,,,,1,,,,1,1,1,0,0,0,0,1,0,1,1,0,,1
SSDF,Somali Salvation Democratic Front,Somalia,Government of Somalia,499,209,0,0,0,0,0,0,0,0,0,0,0,0,0,0,0,0,0,0,0,0,0,0,0,,
SSDM/A,South Sudan Democratic Movement/Army,South Sudan,Government of South Sudan,1108,,0,0,0,0,0,0,0,0,0,0,0,0,0,0,0,0,0,0,0,0,0,0,0,,
SSDM/A-Cobra,South Sudan Democratic Movement- Cobra faction,South Sudan,Government of South Sudan,3563,860,0,0,0,0,0,0,0,0,0,0,0,0,0,0,0,0,0,0,0,0,0,0,0,,
SSLM,Anya Nya,Sudan,Government of Sudan,418,676,0,0,0,0,0,0,0,0,0,0,0,0,0,0,0,0,0,0,0,0,0,0,0,,
SSLM/A,South Sudan Liberation Movement/Army,South Sudan,Government of South Sudan,1124,,0,0,0,0,0,0,0,0,0,0,0,0,0,0,0,0,0,0,0,0,0,0,0,,
SSNLO,Shan State Nationalities Liberation Organization,Myanmar (Burma),Government of Myanmar (Burma),251,748,0,0,0,0,0,0,0,0,0,0,0,0,0,0,0,0,0,0,0,0,0,0,0,,
SSPP/SSA-N,Shan State Progress Party,Myanmar (Burma),Government of Myanmar (Burma),1122,826,0,0,0,0,0,0,0,0,0,0,0,0,0,0,0,0,0,0,0,0,0,0,0,,
SSRA,Shan State Revolutionary Army,Myanmar (Burma),Government of Myanmar (Burma),253,750,0,0,0,0,0,0,0,0,0,0,0,0,0,0,0,0,0,0,0,0,0,0,0,,
Sultanate of Sulu,Sultanate of Sulu,Malaysia,Government of Malaysia,4006,861,0,0,0,0,0,0,0,0,0,0,0,0,0,0,0,0,0,0,0,0,0,0,0,,
SURA,Shan United Revolutionary Army,Myanmar (Burma),Government of Myanmar (Burma),252,747,2,2,3,1,3,2,3,1,0,0,0,0,1,0,1,1,0,0,1,1,0,0,0,,0
SWAPO,South West Africa People's Organization,South Africa,Government of South Africa,461,516,3,2,4,1,4,4,4,1,3,3,3,1,1,0,1,0,1,1,1,1,1,1,0,,0
"Syrian insurgents (Free Syrian Army, FSA)","Syrian insurgents (Free Syrian Army, FSA)",Syria,Government of Syria,4456,867,1,1,2,1,3,2,4,1,0,0,0,0,1,0,1,1,0,1,1,1,0,0,0,,0
"Syrian insurgents (Jahat al-Nusra, affiliates)","Syrian insurgents (Jabhat al-Nusra, affiliates)",Syria,Government of Syria,4456.1,867.2,1,1,2,1,2,2,3,1,1,1,1,1,1,0,1,1,0,1,1,1,1,0,0,,0
Takfir wa'l Hijra,Exile and Redemption,Algeria,Government of Algeria,536,2,0,0,0,0,0,0,0,0,0,0,0,0,0,0,0,0,0,0,0,0,0,0,0,,
Taleban,Taleban,Afghanistan,Government of Afghanistan,303,327,1,1,1,1,2,2,3,1,0,0,0,0,1,0,0,0,0,1,0,1,0,0,0,,0
TELO,Tamil Eelam Liberation Organization,Sri Lanka,Government of Sri Lanka,321,526,0,0,0,0,0,0,0,0,0,0,0,0,0,0,0,0,0,0,0,0,0,0,0,,
TNV,Tripura National Volunteers,India,Government of India,305,515,0,0,0,0,0,0,0,0,0,0,0,0,0,0,0,0,0,0,0,0,0,0,0,,
TPLF,Tigray People's Liberation Front,Ethiopia,Government of Ethiopia,410,46,4,4,4,1,4,4,4,1,3,3,3,1,1,0,1,1,1,1,1,1,1,1,1,Ethiopian People's Revolutionary Democratic Front (EPRDF),0
TRC,Tailand Revolutionary Council,Myanmar (Burma),Government of Myanmar (Burma),254,751,0,0,0,0,0,0,0,0,0,0,0,0,0,0,0,0,0,0,0,0,0,0,0,,
TTP,Taleban Movement of Pakistan,Pakistan,Government of Pakistan,356,768,1,1,2,1,2,2,3,1,0,0,0,0,1,0,0,0,0,1,1,1,0,0,0,,0
TTP-TA,Taleban Movement of Pakistan- Tariq Afridi faction,Pakistan,Government of Pakistan,1101,843,0,0,0,0,0,0,0,0,0,0,0,0,0,0,0,0,0,0,0,0,0,0,0,,
UCK/KLA,Kosovo Liberation Army,Kosovo,Government of Serbia (Yugoslavia),357,295,1,1,2,1,2,2,2,1,2,1,2,1,1,0,0,0,0,0,0,1,1,1,0,,0
UCK/NLA,National Liberation Army,"Macedonia, FYR","Government of Macedonia, FYR",361,341,1,1,2,1,2,2,2,1,0,0,0,0,1,0,0,0,0,0,0,1,0,0,0,,1
UFDD,Union Force for Democracy and Development,Chad,Government of Chad,456,634,0,0,0,0,0,0,0,0,0,0,0,0,0,0,0,0,0,0,0,0,0,0,0,,
UFDR,Union of Democratic Forces for Unity,Central African Republic,Government of Central African Republic,554,628,0,0,0,0,,,,1,0,0,0,0,1,0,0,0,0,0,0,1,0,0,0,,1
UFM,Uganda Freedom Movement,Uganda,Government of Uganda,485,575,,,,1,0,0,0,0,0,0,0,0,1,0,0,0,0,0,0,0,0,0,0,,1
UFR,Union of Forces for the Resistance,Chad,Government of Chad,1069,783,0,0,0,0,0,0,0,0,0,0,0,0,0,0,0,0,0,0,0,0,0,0,0,,
UFRA,Union of Forces of the Armed Resistance,Niger,Government of Niger,526,762,0,0,0,0,0,0,0,0,0,0,0,0,0,0,0,0,0,0,0,0,0,0,0,,
UIFSA/Northern Alliance,United Islamic National Front for the Salvation of Afghanistan/Northern Alliance,Afghanistan,Government of Afghanistan,304,423,0,0,0,0,,,,1,1,1,1,1,1,0,0,0,0,0,1,0,0,1,0,,1
ULFA,United Liberation Front of Assam,India,Government of India,326,296,2,2,3,1,3,2,3,1,2,2,3,1,1,0,0,0,0,1,1,1,1,1,0,,0
UNITA,National Union for the Total Independence of Angola,Angola,Government of Angola,567,7,2,1,2,1,3,2,4,1,2,2,3,1,1,0,1,1,1,1,1,1,1,1,0,,0
United Armed Forces of Novorossiya,United Armed Forces of Novorossiya,Ukraine,Government of Ukraine,5914,14210,2,1,2,1,2,2,3,1,1,1,2,1,1,0,0,0,0,0,1,1,1,0,0,,0
UNLF,United National Liberation Front,India,Government of India,315,336,,,,1,,,,1,,,,1,1,0,1,0,1,1,1,1,0,1,0,,1
UNLF,Uganda National Liberation Front,Uganda,Government of Uganda,479,556,0,0,0,0,0,0,0,0,0,0,0,0,0,0,0,0,0,0,0,0,0,0,0,,
UNRF,Uganda National Rescue Front,Uganda,Government of Uganda,482,704,0,0,0,0,0,0,0,0,0,0,0,0,0,0,0,0,0,0,0,0,0,0,0,,
UNRF II,Uganda National Rescue Front II,Uganda,Government of Uganda,491,431,0,0,0,0,0,0,0,0,0,0,0,0,0,0,0,0,0,0,0,0,0,0,0,,
UPA,Uganda People's Army,Uganda,Government of Uganda,486,148,0,0,0,0,0,0,0,0,0,0,0,0,0,0,0,0,0,0,0,0,0,0,0,,
UPDA,Ugandan People's Democratic Army,Uganda,Government of Uganda,484,706,,,,1,,,,1,0,0,0,0,1,0,0,0,0,0,0,0,0,0,0,,1
URNG,Guatemalan National Revolutionary Unity,Guatemala,Government of Guatemala,732,228,3,3,3,1,4,4,4,1,2,2,3,1,1,0,1,0,1,1,1,1,1,1,0,,0
USC/SNA,United Somali Congress/Somali National Alliance,Somalia,Government of Somalia,503,211,0,0,0,0,,,,1,2,1,3,1,1,0,1,0,1,0,1,1,0,1,0,,0
USC/SSA,United Somali Congress/Somali Salvation Alliance,Somalia,Government of Somalia,502,210,0,0,0,0,,,,1,,,,1,1,0,1,0,1,0,0,1,0,1,0,,0
UTO,United Tajik Opposition,Tajikistan,Government of Tajikistan,345,353,0,0,0,0,0,0,0,0,0,0,0,0,0,0,0,0,0,0,0,0,0,0,0,,
UWSA,United Wa State Army,Myanmar (Burma),Government of Myanmar (Burma),364,321,2,1,2,1,3,2,3,1,2,2,3,1,1,0,1,1,1,0,1,0,0,1,0,,0
Wahhabi movement of the Buinaksk district (Republic of Dagestan),Wahhabi movement of the Buinaksk district (Republic of Dagestan),Russia (Soviet Union),Government of Russia (Soviet Union),358,368,,,,1,0,0,0,0,0,0,0,0,1,0,0,0,0,0,0,0,0,0,0,,1
WNBF,West Nile Bank Front,Uganda,Government of Uganda,490,152,,,,1,0,0,0,0,1,1,2,1,1,0,1,,,0,0,0,1,0,0,,1
WSB,West Side Boys,Sierra Leone,Government of Sierra Leone,535,714,,,,1,,,,1,0,0,0,0,1,0,0,0,0,0,0,1,0,0,0,,0
WSLF,Western Somali Liberation Front,Ethiopia,Government of Ethiopia,496,522,2,1,2,1,3,3,4,1,1,1,2,1,1,0,1,0,1,0,0,1,1,0,0,,1
Yemenite Socialist Party - Abdul Fattah Ismail,Yemenite Socialist Party - Abdul Fattah Ismail faction,South Yemen,Government of South Yemen,324,564,0,0,0,0,0,0,0,0,0,0,0,0,0,0,0,0,0,0,0,0,0,0,0,,
ZANU,Zimbabwe African National Union,Zimbabwe (Rhodesia),Government of Zimbabwe (Rhodesia),493,560,3,3,4,1,4,4,4,1,3,2,3,1,1,0,1,1,1,1,1,1,1,1,1,Patriotic Front (PF),0
ZAPU,Zimbabwe African People's Union,Zimbabwe (Rhodesia),Government of Zimbabwe (Rhodesia),492,565,2,2,2,1,3,3,4,1,2,2,3,1,1,0,1,1,1,0,1,1,1,1,1,Patriotic Front (PF),0
Zintan Brigades,Zintan Brigades,Libya,Government of Libya,5940,14249,0,0,0,0,0,0,0,0,0,0,0,0,0,0,0,0,0,0,0,0,0,0,0,,
Zviadists,Zviadists,Georgia,Government of Georgia,333,289,0,0,0,0,,,,1,0,0,0,0,1,0,0,0,0,1,1,0,0,0,0,,1
